Name	three_letter	Abreviation	Dayhoff_6	SR_6	KGB_6	Class	Polarity	Charge	Hydropathy	MW	Frequency
Alanine	Ala	A	1	1	1	aliphatic	nonpolar	neutral	1.8	89.094	8.76
Proline	Pro	P	1	1	1	cyclic	nonpolar	neutral	−1.6	115.132	5.02
Serine	Ser	S	1	1	1	hydroxyl-containing	polar	neutral	−0.8	105.093	7.14
Threonine	Thr	T	1	1	2	hydroxyl-containing	polar	neutral	−0.7	119.119	5.53
Glycine	Gly	G	1	2	1	aliphatic	nonpolar	neutral	−0.4	75.067	7.03
Asparagine	Asn	N	2	2	2	amide	polar	neutral	−3.5	132.119	3.93
Aspartic acid	Asp	D	2	2	2	acid	acidic polar	negative	−3.5	133.104	5.49
Glutamic acid	Glu	E	2	2	2	acid	acidic polar	negative	−3.5	147.131	6.32
Glutamine	Gln	Q	2	3	2	amide	polar	neutral	−3.5	146.146	3.9
Arginine	Arg	R	3	3	2	basic	basic polar	positive	−4.5	174.203	5.78
Lysine	Lys	K	3	3	2	basic	basic polar	positive	−3.9	146.189	5.19
Histidine	His	H	3	6	2	basic aromatic	basic polar	neutral	−3.2	155.156	2.26
Isoleucine	Ile	I	4	4	3	aliphatic	nonpolar	neutral	4.5	131.175	5.49
Leucine	Leu	L	4	4	3	aliphatic	nonpolar	neutral	3.8	131.175	9.68
Methionine	Met	M	4	4	3	sulfur-containing	nonpolar	neutral	1.9	149.208	2.32
Valine	Val	V	4	4	6	aliphatic	nonpolar	neutral	4.2	117.148	6.73
Tryptophan	Trp	W	5	5	4	aromatic	nonpolar	neutral	−0.9	204.228	1.25
Phenylalanine	Phe	F	5	6	5	aromatic	nonpolar	neutral	2.8	165.192	3.87
Tyrosine	Tyr	Y	5	6	5	aromatic	polar	neutral	−1.3	181.191	2.91
Cysteine	Cys	C	6	5	6	sulfur-containing	nonpolar	neutral	2.5	121.154	1.38